{"cameraMode":{"drawMode":0,"name":"Shaded","section":"Shading Mode"},"sceneLighting":true,"audioPlay":false,"sceneViewState":{"m_AlwaysRefresh":false,"showFog":true,"showSkybox":true,"showFlares":true,"showImageEffects":true,"showParticleSystems":true,"showVisualEffectGraphs":true,"m_FxEnabled":true},"in2DMode":false,"pivot":{"x":7.415492534637451,"y":-9.478535652160645,"z":83.23287963867188},"rotation":{"x":-0.02037978731095791,"y":-0.043177757412195209,"z":-0.0008810384897515178,"w":0.9988638758659363},"size":59.375343322753909,"orthographic":true}