{"cameraMode":{"drawMode":0,"name":"Shaded","section":"Shading Mode"},"sceneLighting":false,"audioPlay":false,"sceneViewState":{"m_AlwaysRefresh":false,"showFog":true,"showSkybox":false,"showFlares":true,"showImageEffects":true,"showParticleSystems":true,"showVisualEffectGraphs":true,"m_FxEnabled":true},"in2DMode":false,"pivot":{"x":951.8426513671875,"y":933.0721435546875,"z":-20.769271850585939},"rotation":{"x":-0.02037978731095791,"y":-0.043177757412195209,"z":-0.0008810384897515178,"w":0.9988638758659363},"size":204.2859649658203,"orthographic":true}